#,Module,Feature,Function,Description,Acceptance Criteria,Remark
MVP,,,,,,
1,Authentication,User Account (Creator),Register a new Creator account using email and password.,"Given a new user wants to create content, 
When they open the Sign Up page and submit their details, 
Then a new Creator account is created and they are logged in.","- Email must be unique with real-time validation feedback. 
- Password must be at least 8 characters with strength indicator. 
- Clear error messages for validation failures.
- Success message with next steps guidance.
- On success, user is redirected to onboarding flow.",Core
2,,,Login to a Creator account.,"Given a registered Creator wants to access their account, 
When they submit the correct credentials on the Login page, 
Then they are authenticated and redirected to their dashboard.","- Clear error messages for incorrect credentials with retry guidance. 
- Loading state during authentication process.
- Remember me functionality with secure token storage.
- On success, user is redirected to dashboard with welcome message.",Core
3,Quiz Management,Quiz Set,View list of all owned quiz sets on a dashboard.,"Given a Creator is logged in, 
When they open their ""My Quizzes"" dashboard, 
Then a list of all their quiz sets is displayed as interactive cards.","- Prominent ""Create New Quiz"" button with clear visual hierarchy. 
- Each card shows Title, Image, question count, last modified date, and quick actions.
- Empty state with helpful guidance for first-time users.
- Search and filter functionality for large collections.
- Responsive grid layout that works on mobile devices.",Core
4,,,"Create a new quiz set (Title, Description, Cover Image).","Given a Creator is on their dashboard, 
When they click ""Create New Quiz"" and fill in the title/description, 
Then a new quiz set is created and they are taken to the editor.","- Step-by-step wizard with progress indicator. 
- Title is a required field with character count and validation.
- Optional description with rich text formatting.
- Image upload with drag-and-drop functionality and preview.
- Auto-save functionality to prevent data loss.
- On save, redirects to the ""Edit Quiz"" page with success message.",Core
5,,,Update an existing quiz set's information.,"Given a Creator is editing a quiz set, 
When they change the title or description and save, 
Then the quiz set's information is updated in the database.",- Changes are reflected immediately upon returning to the dashboard.,Core
6,,,Delete a quiz set.,"Given a Creator is on their dashboard, 
When they select ""Delete"" for a quiz and confirm, 
Then the quiz set and all its associated questions are permanently removed.","- A confirmation modal must be shown before deleting. 
- The quiz card is removed from the UI.",Core
7,,Question,View all questions within a specific quiz set.,"Given a Creator is in the ""Edit Quiz"" page,
When the page loads, 
Then a list of all questions for that quiz is displayed, allowing for selection and reordering.","- Split-screen layout with question list on left and editor on right. 
- Drag-and-drop reordering with visual feedback and auto-save.
- Question preview cards with type icons and difficulty indicators.
- Selecting a question highlights it and shows details in the editor form.
- Empty state with quick-add options for first question.
- Keyboard shortcuts for common actions (Ctrl+N for new question).",Core
8,,,"Add a new question (Multiple Choice, True/False).","Given a Creator is in the editor, 
When they click ""Add Question"" and select ""Multiple Choice"" or ""True/False"", 
Then a form appears for them to create and save the new question.","- Question type selector with visual icons and descriptions. 
- Multiple Choice: minimum 2 answers, maximum 6, with add/remove buttons.
- True/False: simplified interface with toggle buttons.
- Real-time validation with helpful error messages.
- Auto-save draft functionality every 30 seconds.
- Preview mode to test question appearance.",MVP
9,,,Update an existing question.,"Given a Creator selects an existing question in the editor, 
When they modify its content, answers, or time limit and save, 
Then the question is updated.",- The changes are saved without a full page reload.,MVP
10,,,Delete a question.,"Given a Creator is in the editor, 
When they click the delete icon on a question and confirm, 
Then the question is removed from the quiz set.","- A confirmation prompt is required. 
- The question is removed from the list UI.",MVP
11,,,Upload media (image) for a question.,"Given a Creator is editing a question, 
When they use the ""Upload Image"" option, 
Then they can select an image file which is then associated with that question.","- Supports common image formats (JPG, PNG). 
- A preview of the uploaded image is shown.",MVP
12,Live Game,Lobby,Generate a unique 6-digit PIN for a new game session.,"Given a Host starts a game session, 
When the server processes the request,
Then a unique 6-digit PIN is generated and associated with the session.","- Large, prominent PIN display with copy-to-clipboard functionality. 
- PIN must not conflict with other active sessions.
- Visual countdown timer showing session expiration (30 minutes).
- QR code generation for easy mobile access.
- Share buttons for social media and messaging apps.",Core
13,,,Allow anonymous players to join using PIN and a unique nickname.,"Given a Player is on the homepage, 
When they enter a valid Game PIN and a unique nickname, 
Then they are successfully added to the game lobby.","- Clean, minimal join form with clear instructions. 
- Real-time PIN validation with helpful error messages.
- Nickname suggestions and availability checking.
- Loading states and success animations.
- Accessibility support with screen reader compatibility.",Core
14,,,Host can view the list of joined players.,"Given a Host is in the lobby, 
When new players join, 
Then the list of player nicknames on the Host's screen updates in real-time.","- Animated player avatars with smooth join animations. 
- Player count badge with live updates.
- Scrollable list with virtual scrolling for large groups.
- Player status indicators (ready, not ready).
- Bulk actions (kick multiple, send message to all).",MVP
15,,Game Play (Real-time),Host can start the game from the lobby.,"Given a Host is in the lobby with at least one player, 
When they click the ""Start Game"" button, 
Then the game state changes and the first question is sent to all clients.","- Large, prominent ""Start Game"" button with countdown animation. 
- Button disabled state with helpful tooltip when no players.
- Pre-game checklist (minimum players, quiz validation).
- Smooth transition animation to game interface.
- Progress indicator showing game setup status.",Core
16,,,Host can trigger the next question.,"Given a Host is viewing the results of a question, 
When they click ""Next Question"", 
Then the server sends the next question in the sequence to all clients.","- The button should be clearly labeled. 
- The system correctly moves to the next question or the final results screen if it's the last question.",Core
17,,,Player's screen displays options corresponding to the host's screen.,"Given a Host has triggered a new question, 
When a Player's device receives the event, 
Then their screen updates to show the appropriate interface for answering (buttons, etc.).",- The interface must be responsive and work on mobile devices.,Core
18,,,Player can submit their answer.,"Given a Player is viewing a question,
When they click their chosen answer within the time limit, 
Then their selection is sent to the server for processing.","- After submitting, the interface should be disabled to prevent changing the answer.",Core
19,,,Server calculates score based on correctness and time.,"Given a Player submits an answer, 
When the server receives it, 
Then it calculates the score based on correctness and (if enabled) response time.","- The scoring formula is correctly applied. 
- Players who don't answer receive 0 points.",MVP
20,,,Display a simple leaderboard (Top 5) after each question.,"Given the time for a question has ended, 
When the server processes the results, 
Then it sends an updated Top 5 leaderboard to be displayed on all screens.",- The leaderboard is sorted correctly by score.,MVP
21,,,Display the final winner podium.,"Given the last question has been answered, 
When the server finalizes the scores, 
Then a final podium screen displaying the Top 3 winners is shown.","- The podium correctly displays 1st, 2nd, and 3rd place.",MVP
FULL ,,,,,,
22,Quiz Management,Advanced Questions,Add/Update question type: Matching (up to 5 pairs).,"Given a Creator is in the editor, 
When they add a ""Matching"" question, 
Then they can define up to 5 pairs of items and save the question.","- The form must allow creating 2 to 5 pairs. 
- The saved data structure correctly represents the pairs.",Signature Feature
23,,,Add/Update question type: Ordering (up to 6 items).,"Given a Creator is in the editor, 
When they add an ""Ordering"" question, 
Then they can define up to 6 items and set their correct sequence.","- The form must allow creating 3 to 6 items. 
- The drag-and-drop interface for ordering must be intuitive.",Signature Feature
24,,Advanced Questions,Add/Update question type: Video Question (timestamp-based).,"Given a Creator is in the editor, 
When they add a ""Video Question"", 
Then they can upload a video (max 2 minutes) and select a specific timestamp to display the question during playback.","- Video must be max 2 minutes in length. 
- Video must be in supported formats (MP4, WebM). 
- Each video counts as 1 question.",Signature Feature
25,,,Upload video file for Video Question.,"Given a Creator is creating a Video Question, 
When they use the ""Upload Video"" option, 
Then they can select a video file (max 2 minutes) which is associated with that question.","- Supports common video formats (MP4, WebM). 
- Enforces 2-minute maximum duration limit. 
- Shows file size and duration validation.",Signature Feature
26,,,Video preview with timestamp selection.,"Given a Creator has uploaded a video for a Video Question, 
When they open the video editor, 
Then they can preview the video and select a specific timestamp to display the question.","- Video preview player with play/pause controls. 
- Timestamp selector with precise time input. 
- Preview shows exactly when the question will appear.",Signature Feature
27,,Quiz Set Actions,"Add ""Duplicate Quiz Set"" functionality.","Given a Creator is on their dashboard, 
When they select ""Duplicate"" for a quiz, 
Then a new quiz set is created with all the same questions and content.","- The new quiz appears on the dashboard with ""- Copy"" in its title.",High Value
28,Live Game,Host Settings,Add a settings modal before hosting a game.,"Given a Host selects ""Host"" for a quiz, 
When the action is triggered, Then
Then a settings modal is displayed before the lobby is created.",- The modal contains all the specified setting options.,High Value
29,,,"Setting: Choose number of questions to play (e.g., 20 out of 50).","Given a Host is in the settings modal, 
When they enter a number 'N' in the ""Number of Questions"" field, 
Then the game will only use 'N' questions from the set.","- The number 'N' must be valid (e.g., > 0 and <= total questions).",High Value
30,,,Setting: Shuffle question order.,"Given a Host is in the settings modal, 
When they check the ""Shuffle Questions"" box, 
Then the order of questions played will be randomized.",- The order is different each time the game is played with this option.,High Value
31,,,Setting: Enable/disable background music for the session.,"Given a Host is in the settings modal, 
When they toggle the ""Background Music"" switch, 
Then this setting is saved for the session and sent to all players.",- Players' clients correctly receive the setting and play/don't play music.,UX Improvement
32,,,Setting: Enable/disable leaderboard between questions.,"Given a Host is in the settings modal, 
When they toggle the ""Show Leaderboard"" switch, 
Then the leaderboard will be skipped after each question.",- The game flows directly from the question result to the next question.,UX Improvement
33,,,Setting: Enable/disable time-based scoring.,"Given a Host is in the settings modal, 
When they toggle the ""Time-based Scoring"" switch, 
Then all correct answers will receive a fixed score.",- The scoring logic correctly applies a fixed point value for correct answers.,High Value
34,,Lobby Enhancements,Implement a profanity filter for nicknames.,"Given a Player tries to join with a nickname, 
When the server checks it, 
Then it rejects any nickname containing words from a predefined profanity list.",- An appropriate error message is shown to the player.,UX Improvement
35,,,"Host can ""Kick"" a player from the lobby.","Given a Host is in the lobby, 
When they click the ""Kick"" button next to a player's name, 
Then that player is removed from the game session.","- The player is disconnected and sees a ""You have been removed"" message.",UX Improvement
36,,System Robustness,Server-side state management to allow Host/Player to reconnect.,"Given a Host or Player loses connection and then re-opens the game page, 
When the server identifies their session, 
Then it seamlessly reconnects them to the current state of the game.",- The player's score is preserved. - The Host can continue to control the game.,Technical Challenge
37,Challenge Mode,Asynchronous Play,"Generate a unique, shareable link for a quiz set.","Given a Creator is on their dashboard, 
When they select ""Create Challenge"" for a quiz, 
Then a unique, shareable URL is generated and displayed to them.","- A ""Copy Link"" button is provided for convenience.",Signature Feature
38,,,Allow players to play solo anytime via the link.,"Given a Player opens a challenge link, 
When they enter a nickname, 
Then they can play through the quiz questions at their own pace without a live host.",- There is no time limit imposed by a host; each question uses its own predefined time limit.,Signature Feature
39,,,Display a separate leaderboard for each challenge link.,"Given a Player completes a challenge, 
When their final score is calculated, 
Then it is saved and displayed on a persistent leaderboard specific to that challenge link.",- The leaderboard updates correctly for each new participant.,Signature Feature
40,Player Experience,In-game Settings,Player can mute/unmute all sounds on their own screen.,"Given a Player is in a game (live or challenge), 
When they click the sound icon on their screen, 
Then all audio from the game is muted or unmuted only for them.",- The setting persists across all screens within the game session.,UX Improvement
41,Reporting,Post-Game Analysis,Host can view a report of a past game session.,"Given a Creator is logged in, 
When they navigate to the ""Reports"" page, 
Then they can see a list of their past game sessions and select one to view its report.","- The list is sorted by date, with the most recent session on top.",High Value
42,,,"Report includes a full, paginated leaderboard.","Given a Host is viewing a report, 
When the leaderboard is displayed, 
Then it is paginated to handle a large number of players gracefully.",- The leaderboard shows controls to navigate between pages.,High Value
43,,,Report includes a per-question correctness percentage chart.,"Given a Host is viewing a report, 
When they scroll down, 
Then they see a bar chart for each question, visualizing the percentage of players who chose each option.","- The correct answer bar is highlighted (e.g., in green).",High Value
44,,,"Add ""Export to CSV"" functionality for the report.","Given a Host is viewing a report, 
When they click the ""Export to CSV"" button, 
Then a CSV file containing the final leaderboard is downloaded.","- The CSV file is correctly formatted with columns: Rank, Nickname, Score.",High Value
45,User Experience,Onboarding,Welcome tour for new creators.,"Given a new Creator has registered, 
When they first log in, 
Then they see an interactive welcome tour highlighting key features.","- Step-by-step guided tour with tooltips and highlights. 
- Skip option for experienced users.
- Progress indicator showing tour completion.
- Key features: creating quiz, hosting game, viewing reports.",UX Improvement
46,,Navigation,Breadcrumb navigation throughout the application.,"Given a Creator is navigating through the application, 
When they move between different sections, 
Then breadcrumb navigation shows their current location.","- Clear breadcrumb trail with clickable links. 
- Consistent navigation patterns across all pages.
- Mobile-responsive breadcrumb design.",UX Improvement
47,,Accessibility,Keyboard navigation support.,"Given a user wants to navigate using keyboard only, 
When they use Tab and arrow keys, 
Then all interactive elements are accessible via keyboard.","- Full keyboard navigation support. 
- Visible focus indicators.
- Skip links for main content.
- ARIA labels for screen readers.",UX Improvement
48,,Performance,Loading states and skeleton screens.,"Given a user is waiting for content to load, 
When pages or data are loading, 
Then appropriate loading states are displayed.","- Skeleton screens for content areas. 
- Progress indicators for file uploads.
- Smooth transitions between states.
- Error states with retry options.",UX Improvement